City_ID,City,Country,Date,Lat,Lng,Max Temp,Humidity,Cloudiness,Wind Speed
0,New Norfolk,AU,2021-01-12 18:19:40,-42.7826,147.0587,55.0,69,39,1.81
1,Salalah,OM,2021-01-12 18:21:16,17.0151,54.0924,75.2,23,0,13.8
2,Rikitea,PF,2021-01-12 18:21:16,-23.1203,-134.9692,77.79,77,15,17.38
3,Qaanaaq,GL,2021-01-12 18:21:16,77.484,-69.3632,10.65,83,96,8.23
4,Whitehorse,CA,2021-01-12 18:21:17,60.7161,-135.0538,19.4,93,90,3.44
5,Saint George,US,2021-01-12 18:17:17,37.1041,-113.5841,33.8,37,1,3.58
6,Dikson,RU,2021-01-12 18:21:17,73.5069,80.5464,0.7,94,98,8.7
7,Nanortalik,GL,2021-01-12 18:21:17,60.1432,-45.2371,32.38,92,100,7.74
8,Koslan,RU,2021-01-12 18:21:18,63.4564,48.8989,-14.33,87,0,3.71
9,Victoria,HK,2021-01-12 18:20:08,22.2855,114.1577,53.01,41,29,6.46
10,East London,ZA,2021-01-12 18:21:18,-33.0153,27.9116,69.8,94,90,6.91
11,Hinton,CA,2021-01-12 18:21:19,53.4001,-117.5857,37.4,75,100,6.91
12,Fairbanks,US,2021-01-12 18:18:39,64.8378,-147.7164,9.0,85,75,2.77
13,San Carlos De Bariloche,AR,2021-01-12 18:21:19,-41.1456,-71.3082,72.0,17,0,12.66
14,Atuona,PF,2021-01-12 18:21:19,-9.8,-139.0333,77.58,79,46,16.87
15,Lompoc,US,2021-01-12 18:16:46,34.6391,-120.4579,55.0,62,1,4.61
16,Solnechnyy,RU,2021-01-12 18:21:20,50.7214,136.6319,-8.01,88,87,2.06
17,Nikki,BJ,2021-01-12 18:21:20,9.9401,3.2108,83.05,15,0,3.42
18,Mataura,NZ,2021-01-12 18:21:21,-46.1927,168.8643,55.99,86,46,1.01
19,Bluff,NZ,2021-01-12 18:21:21,-46.6,168.3333,55.99,86,65,1.01
20,Tuktoyaktuk,CA,2021-01-12 18:21:21,69.4541,-133.0374,1.4,85,90,24.16
21,Flinders,AU,2021-01-12 18:21:21,-34.5833,150.8552,69.01,87,18,1.01
22,Mullovka,RU,2021-01-12 18:21:22,54.2,49.4,-22.0,76,62,1.81
23,Kapaa,US,2021-01-12 18:21:22,22.0752,-159.319,66.2,100,1,6.91
24,Mar Del Plata,AR,2021-01-12 18:21:22,-38.0023,-57.5575,71.6,40,0,9.22
25,Port Alfred,ZA,2021-01-12 18:17:27,-33.5906,26.891,68.0,95,97,1.99
26,Cape Town,ZA,2021-01-12 18:18:33,-33.9258,18.4232,75.2,69,0,16.11
27,Jamestown,US,2021-01-12 18:18:31,42.097,-79.2353,28.0,80,90,10.36
28,Puerto Ayora,EC,2021-01-12 18:21:24,-0.7393,-90.3518,86.0,54,75,16.11
29,Coquimbo,CL,2021-01-12 18:18:33,-29.9533,-71.3436,66.2,63,0,14.97
30,Chapais,CA,2021-01-12 18:21:25,49.7834,-74.8492,24.8,93,90,5.75
31,Severomuysk,RU,2021-01-12 18:21:25,56.1481,113.4267,-30.51,85,97,4.07
32,Mantamados,GR,2021-01-12 18:21:26,39.3117,26.3339,64.4,82,75,28.77
33,Hithadhoo,MV,2021-01-12 18:21:26,-0.6,73.0833,82.35,77,68,19.19
34,Clyde River,CA,2021-01-12 18:19:24,70.4692,-68.5914,-7.6,84,75,5.75
35,Busselton,AU,2021-01-12 18:21:26,-33.65,115.3333,59.0,82,30,13.38
36,Kungurtug,RU,2021-01-12 18:21:27,50.5994,97.5228,-6.47,84,91,2.08
37,Hobart,AU,2021-01-12 18:20:20,-42.8794,147.3294,55.0,87,90,5.55
38,Pacifica,US,2021-01-12 18:21:27,37.6138,-122.4869,55.0,87,1,5.75
39,Qarqin,AF,2021-01-12 18:21:28,37.4185,66.0436,37.63,69,0,10.11
40,Mahon,ES,2021-01-12 18:21:28,39.8885,4.2658,44.6,76,20,5.75
41,Caarapo,BR,2021-01-12 18:21:29,-22.6342,-54.8222,94.68,38,7,6.73
42,Grand Gaube,MU,2021-01-12 18:21:29,-20.0064,57.6608,79.0,87,50,7.0
43,Longyearbyen,SJ,2021-01-12 18:21:29,78.2186,15.6401,24.8,86,75,5.75
44,Te Anau,NZ,2021-01-12 18:20:44,-45.4167,167.7167,51.22,89,45,1.14
45,Touros,BR,2021-01-12 18:20:45,-5.1989,-35.4608,80.6,83,75,8.05
46,Chuy,UY,2021-01-12 18:21:30,-33.6971,-53.4616,71.2,48,98,13.98
47,Barrow,US,2021-01-12 18:21:30,71.2906,-156.7887,-0.4,78,90,28.77
48,Ushuaia,AR,2021-01-12 18:21:19,-54.8,-68.3,50.0,43,40,21.85
49,Atasu,KZ,2021-01-12 18:21:31,48.6814,71.6433,1.08,93,100,13.89
50,Faanui,PF,2021-01-12 18:21:31,-16.4833,-151.75,80.73,78,100,19.51
51,Hilo,US,2021-01-12 18:17:41,19.7297,-155.09,69.8,78,90,4.61
52,Pando,UY,2021-01-12 18:21:32,-34.7167,-55.95,73.0,43,0,10.36
53,Sao Joao Da Barra,BR,2021-01-12 18:21:32,-21.6403,-41.0511,86.0,51,20,20.71
54,Punta Arenas,CL,2021-01-12 18:19:07,-53.15,-70.9167,55.4,47,20,28.77
55,Havoysund,NO,2021-01-12 18:21:32,70.9963,24.6622,21.2,79,75,21.85
56,Alice Springs,AU,2021-01-12 18:21:33,-23.7,133.8833,77.0,49,0,3.44
57,Namatanai,PG,2021-01-12 18:19:02,-3.6667,152.4333,80.47,79,44,10.31
58,Nianzishan,CN,2021-01-12 18:21:33,47.5167,122.8833,-0.63,92,100,6.06
59,Yellowknife,CA,2021-01-12 18:21:34,62.456,-114.3525,10.99,92,20,6.91
60,Tautira,PF,2021-01-12 18:21:34,-17.7333,-149.15,82.4,69,75,2.3
61,Albany,US,2021-01-12 18:21:34,42.6001,-73.9662,35.01,58,100,1.99
62,Souillac,MU,2021-01-12 18:21:35,-20.5167,57.5167,77.0,100,75,14.97
63,Hasaki,JP,2021-01-12 18:21:35,35.7333,140.8333,33.8,100,20,3.44
64,Linxia,CN,2021-01-12 18:21:35,35.6003,103.2064,23.68,58,0,1.21
65,Marrakesh,MA,2021-01-12 18:16:37,31.6315,-8.0083,53.6,54,0,4.61
66,Vaini,TO,2021-01-12 18:21:36,-21.2,-175.2,78.8,94,75,6.91
67,Manta,EC,2021-01-12 18:20:07,-0.95,-80.7333,82.4,69,75,6.91
68,Hofn,IS,2021-01-12 18:19:27,64.2539,-15.2082,31.03,90,36,10.22
69,Georgetown,MY,2021-01-12 18:20:28,5.4112,100.3354,80.01,73,20,2.3
70,Dwarka,IN,2021-01-12 18:21:37,22.2394,68.9678,70.77,38,0,11.41
71,Los Llanos De Aridane,ES,2021-01-12 18:21:37,28.6585,-17.9182,62.6,67,75,8.05
72,Tanda,IN,2021-01-12 18:21:37,26.55,82.65,49.66,49,0,5.68
73,Lavrentiya,RU,2021-01-12 18:20:17,65.5833,-171.0,-10.71,86,26,9.57
74,Amahai,ID,2021-01-12 18:17:17,-3.3333,128.9167,82.99,90,95,3.0
75,Luderitz,NA,2021-01-12 18:21:05,-26.6481,15.1594,69.69,67,0,24.18
76,Leningradskiy,RU,2021-01-12 18:21:39,69.3833,178.4167,-18.85,83,96,19.22
77,Goedereede,NL,2021-01-12 18:21:39,51.8175,3.9806,42.01,81,57,1.99
78,Mahenge,TZ,2021-01-12 18:21:39,-8.6833,36.7167,66.16,100,100,2.8
79,Anadyr,RU,2021-01-12 18:21:40,64.75,177.4833,-20.0,76,93,11.18
80,Zhirnovsk,RU,2021-01-12 18:21:40,50.9845,44.7735,12.06,96,87,2.86
81,Kargil,IN,2021-01-12 18:21:40,34.5667,76.1,-10.68,59,0,2.06
82,Sayat,TM,2021-01-12 18:21:41,38.7839,63.8803,37.4,75,0,11.5
83,Pisco,PE,2021-01-12 18:21:41,-13.7,-76.2167,73.4,73,0,9.22
84,Talcahuano,CL,2021-01-12 18:21:41,-36.7167,-73.1167,69.8,43,0,17.27
85,Bredasdorp,ZA,2021-01-12 18:19:47,-34.5322,20.0403,68.0,88,100,12.66
86,Kaitangata,NZ,2021-01-12 18:21:42,-46.2817,169.8464,52.39,91,34,2.89
87,Pyshma,RU,2021-01-12 18:21:42,56.9523,63.2513,-13.9,88,100,7.25
88,Eenhana,NA,2021-01-12 18:21:42,-17.4667,16.3333,84.2,34,100,1.14
89,Butaritari,KI,2021-01-12 18:21:43,3.0707,172.7902,80.94,81,70,19.73
90,Ejido,VE,2021-01-12 18:21:43,8.5514,-71.2375,79.3,37,80,5.53
91,Hermanus,ZA,2021-01-12 18:21:43,-34.4187,19.2345,71.01,85,88,5.99
92,Petaluma,US,2021-01-12 18:21:44,38.2324,-122.6367,52.0,87,75,3.44
93,At-Bashi,KG,2021-01-12 18:21:44,41.1702,75.8106,10.38,53,25,0.92
94,Okmulgee,US,2021-01-12 18:21:44,35.6234,-95.9605,48.2,46,1,10.36
95,Marfino,RU,2021-01-12 18:18:54,55.7028,37.3822,15.8,85,90,8.95
96,Adrar,MR,2021-01-12 18:21:45,20.5022,-10.0711,69.46,23,89,9.51
97,Avera,US,2021-01-12 18:21:45,33.194,-82.5271,48.99,100,90,8.05
98,Bathsheba,BB,2021-01-12 18:21:45,13.2167,-59.5167,80.6,74,75,14.97
99,Redlands,US,2021-01-12 18:21:46,34.0556,-117.1825,64.0,21,40,1.25
100,Brokopondo,SR,2021-01-12 18:21:46,4.75,-55.1667,83.37,69,80,8.01
101,Mount Darwin,ZW,2021-01-12 18:21:47,-16.7725,31.5838,70.32,90,99,2.28
102,Kodiak,US,2021-01-12 18:19:27,57.79,-152.4072,35.6,87,90,10.36
103,Kuopio,FI,2021-01-12 18:21:47,62.8924,27.677,5.0,78,90,13.8
104,Ribeira Grande,PT,2021-01-12 18:21:47,38.5167,-28.7,60.8,94,75,12.66
105,Rio Verde De Mato Grosso,BR,2021-01-12 18:20:26,-18.9181,-54.8442,92.8,43,66,5.03
106,Esperance,AU,2021-01-12 18:21:48,-33.8667,121.9,60.8,77,90,10.36
107,Pevek,RU,2021-01-12 18:21:48,69.7008,170.3133,-32.49,85,55,1.07
108,Mbanza-Ngungu,CD,2021-01-12 18:21:49,-5.25,14.8667,71.73,88,8,4.07
109,Nikolskoye,RU,2021-01-12 18:21:49,59.7035,30.7861,12.2,85,90,22.37
110,Sao Filipe,CV,2021-01-12 18:21:49,14.8961,-24.4956,72.18,70,2,15.1
111,Byron Bay,AU,2021-01-12 18:21:50,-28.65,153.6167,66.2,94,90,4.61
112,Chokurdakh,RU,2021-01-12 18:19:04,70.6333,147.9167,-36.24,84,27,1.16
113,Tasiilaq,GL,2021-01-12 18:21:50,65.6145,-37.6368,32.0,86,75,36.82
114,Thompson,CA,2021-01-12 18:21:51,55.7435,-97.8558,21.2,100,90,4.61
115,San Rafael,AR,2021-01-12 18:21:51,-34.6177,-68.3301,75.85,23,0,7.83
116,Dondo,MZ,2021-01-12 18:21:51,-19.6094,34.7431,84.2,79,40,11.5
117,Marawi,PH,2021-01-12 18:21:51,7.9986,124.2928,75.99,93,100,11.01
118,Tayshet,RU,2021-01-12 18:21:52,55.9342,98.0044,-11.34,89,100,1.61
119,Upernavik,GL,2021-01-12 18:21:52,72.7868,-56.1549,17.17,96,100,6.8
120,Broome,US,2021-01-12 18:21:52,42.2506,-75.833,33.01,69,90,5.57
121,Codrington,AU,2021-01-12 18:19:30,-38.2667,141.9667,48.67,92,23,7.05
122,Manggar,ID,2021-01-12 18:21:53,-2.8833,108.2667,78.51,87,100,11.74
123,Cabo San Lucas,MX,2021-01-12 18:20:21,22.8909,-109.9124,72.0,40,40,9.22
124,Vila Velha,BR,2021-01-12 18:21:53,-20.3297,-40.2925,88.0,65,20,18.41
125,Sirtich,RU,2021-01-12 18:21:54,41.8321,48.228,42.94,91,100,8.08
126,Saint-Philippe,RE,2021-01-12 18:19:06,-21.3585,55.7679,78.8,89,90,3.44
127,Ahipara,NZ,2021-01-12 18:21:54,-35.1667,173.1667,61.68,91,14,6.02
128,Athens,GR,2021-01-12 18:20:00,37.9795,23.7162,61.0,44,20,9.22
129,Lebu,CL,2021-01-12 18:21:55,-37.6167,-73.65,59.13,52,0,22.39
130,Mudgee,AU,2021-01-12 18:21:55,-32.5943,149.5871,59.0,94,0,1.14
131,Cururupu,BR,2021-01-12 18:21:56,-1.8283,-44.8683,82.06,79,99,5.23
132,Arlit,NE,2021-01-12 18:19:18,18.7369,7.3853,80.46,14,0,10.04
133,Chernyshevskiy,RU,2021-01-12 18:21:56,63.0128,112.4714,-35.55,84,100,4.03
134,Srivardhan,IN,2021-01-12 18:21:56,18.0333,73.0167,80.29,63,62,4.61
135,Mandurah,AU,2021-01-12 18:19:08,-32.55,115.7,63.0,64,0,14.85
136,Vao,NC,2021-01-12 18:21:57,-22.6667,167.4833,77.88,86,99,18.61
137,Adeje,ES,2021-01-12 18:21:57,28.1227,-16.726,66.0,63,40,14.97
138,Kindu,CD,2021-01-12 18:21:58,-2.95,25.95,72.5,94,100,3.11
139,Canavieiras,BR,2021-01-12 18:21:58,-15.675,-38.9472,82.83,66,36,8.75
140,Peniche,PT,2021-01-12 18:21:58,39.3558,-9.3811,46.99,50,0,5.01
141,Raga,SS,2021-01-12 18:21:58,8.4596,25.678,76.68,21,33,3.06
142,Nevelsk,RU,2021-01-12 18:21:59,46.6733,141.8633,17.6,86,75,4.47
143,Krasnoselkup,RU,2021-01-12 18:21:59,65.7,82.4667,5.4,94,99,11.43
144,Loiza,PR,2021-01-12 18:21:59,18.4313,-65.8802,82.4,65,40,16.11
145,Ostrovnoy,RU,2021-01-12 18:22:00,68.0531,39.5131,3.15,89,0,18.54
146,Omboue,GA,2021-01-12 18:22:00,-1.5746,9.2618,79.32,84,95,8.88
147,Kruisfontein,ZA,2021-01-12 18:22:00,-34.0033,24.7314,71.01,87,100,5.01
148,Henties Bay,NA,2021-01-12 18:22:00,-22.116,14.2845,71.01,82,68,6.91
149,Labuhan,ID,2021-01-12 18:22:01,-6.8844,112.2051,79.16,85,99,12.26
150,Sambava,MG,2021-01-12 18:22:01,-14.2667,50.1667,79.05,81,3,2.08
151,Goderich,CA,2021-01-12 18:22:01,43.7501,-81.7165,30.2,93,100,4.61
152,Cherskiy,RU,2021-01-12 18:22:01,68.75,161.3,-32.71,82,17,2.57
153,Oga,IT,2021-01-12 18:22:02,46.4631,10.347,35.01,80,75,3.44
154,Labrea,BR,2021-01-12 18:20:39,-7.2586,-64.7981,90.36,58,91,2.04
155,Fortuna,US,2021-01-12 18:22:02,40.5982,-124.1573,57.99,94,90,21.85
156,Virginia Beach,US,2021-01-12 18:18:50,36.8529,-75.978,48.2,66,40,11.5
157,Klaksvik,FO,2021-01-12 18:20:11,62.2266,-6.589,33.8,80,90,9.22
158,Narsaq,GL,2021-01-12 18:22:03,60.9167,-46.05,44.6,39,75,10.36
159,Waipawa,NZ,2021-01-12 18:22:03,-41.4122,175.5153,66.0,88,75,10.36
160,Requena,ES,2021-01-12 18:22:03,39.4883,-1.1004,43.0,56,0,13.8
161,Khatassy,RU,2021-01-12 18:22:04,61.9036,129.6383,-58.0,57,87,2.82
162,Atambua,ID,2021-01-12 18:21:21,-9.1061,124.8925,75.52,86,99,3.38
163,Nizhnyaya Poyma,RU,2021-01-12 18:22:04,56.1622,97.1933,-12.14,89,100,2.42
164,Lata,PT,2021-01-12 18:22:05,40.1629,-8.3327,48.99,72,0,1.97
165,Mount Gambier,AU,2021-01-12 18:19:30,-37.8333,140.7667,46.4,93,58,4.61
166,Port Elizabeth,ZA,2021-01-12 18:22:06,-33.918,25.5701,69.8,94,90,12.66
167,Ostuni,IT,2021-01-12 18:22:06,40.7276,17.5764,48.2,81,0,5.75
168,Yerbogachen,RU,2021-01-12 18:22:06,61.2767,108.0108,-30.39,83,94,6.6
169,Teplyk,UA,2021-01-12 18:22:06,48.6657,29.745,28.58,92,85,8.25
170,Bethel,US,2021-01-12 18:22:07,41.3712,-73.414,37.99,60,40,6.91
171,Vallenar,CL,2021-01-12 18:22:07,-28.5708,-70.7581,89.29,16,0,10.65
172,Thiruvananthapuram,IN,2021-01-12 18:22:07,8.4833,76.9167,78.8,89,75,3.6
173,Ancud,CL,2021-01-12 18:22:08,-41.8697,-73.8203,57.2,62,75,8.05
174,Namibe,AO,2021-01-12 18:20:33,-15.1961,12.1522,73.53,73,59,11.5
175,Dambulla,LK,2021-01-12 18:19:20,7.86,80.6517,74.07,91,88,8.52
176,Gat,IL,2021-01-12 18:21:04,31.61,34.7642,69.01,51,70,7.78
177,Port Hedland,AU,2021-01-12 18:22:09,-20.3167,118.5667,86.0,84,0,12.66
178,Clovis,US,2021-01-12 18:22:09,36.8252,-119.7029,54.0,71,90,2.17
179,Avarua,CK,2021-01-12 18:22:09,-21.2078,-159.775,82.4,74,40,18.41
180,Tutoia,BR,2021-01-12 18:22:10,-2.7619,-42.2744,89.6,62,40,13.8
181,Port-Gentil,GA,2021-01-12 18:22:10,-0.7193,8.7815,80.6,89,20,9.22
182,Vyshkov,RU,2021-01-12 18:22:10,52.4764,31.6873,28.4,69,90,15.66
183,Bereda,ES,2021-01-12 18:22:10,43.2686,-7.5406,33.01,90,2,3.0
184,Coihaique,CL,2021-01-12 18:22:11,-45.5752,-72.0662,59.0,47,40,8.05
185,Ilulissat,GL,2021-01-12 18:22:11,69.2167,-51.1,21.2,86,75,3.44
186,Pombas,CV,2021-01-12 18:22:11,17.1503,-25.0201,73.4,56,75,25.32
187,Crawfordsville,US,2021-01-12 18:21:14,40.0411,-86.8745,39.0,75,1,13.8
188,Ak-Dovurak,RU,2021-01-12 18:22:12,51.1833,90.6,6.24,92,100,1.21
189,Chapayevka,UA,2021-01-12 18:22:12,47.4711,36.3451,26.06,95,100,13.78
190,Coahuayana,MX,2021-01-12 18:22:12,18.7333,-103.6833,78.8,44,75,3.0
191,Lasa,IT,2021-01-12 18:22:13,46.6166,10.7002,28.4,93,90,4.61
192,Bunumbu,SL,2021-01-12 18:22:13,8.1667,-10.8667,84.24,56,97,3.8
193,Soe,ID,2021-01-12 18:22:13,-9.8607,124.284,67.87,97,100,1.97
194,Isabela,PH,2021-01-12 18:22:13,6.7085,121.9711,75.2,100,75,2.3
195,Cidreira,BR,2021-01-12 18:22:14,-30.1811,-50.2056,77.16,82,92,11.34
196,Oranjestad,AW,2021-01-12 18:20:52,12.524,-70.027,84.2,61,20,21.85
197,Devils Lake,US,2021-01-12 18:21:43,48.1128,-98.8651,35.01,75,1,11.5
198,Okhotsk,RU,2021-01-12 18:22:15,59.3833,143.3,-7.62,90,98,4.85
199,Zapadnaya Dvina,RU,2021-01-12 18:22:15,56.259,32.0745,23.43,97,100,8.93
200,El Alto,PE,2021-01-12 18:22:16,-4.2714,-81.2147,86.0,51,0,16.11
201,Lujan,AR,2021-01-12 18:20:03,-34.5703,-59.105,80.01,24,35,1.99
202,Shache,CN,2021-01-12 18:20:11,38.4167,77.2406,21.61,66,0,5.32
203,Half Moon Bay,US,2021-01-12 18:22:17,37.4636,-122.4286,55.0,87,1,5.75
204,Vite,IN,2021-01-12 18:22:18,17.2833,74.55,73.76,47,39,12.24
205,Makakilo City,US,2021-01-12 18:22:18,21.3469,-158.0858,73.4,73,90,3.44
206,Margate,GB,2021-01-12 18:19:28,51.3813,1.3862,41.0,71,31,3.0
207,San Patricio,US,2021-01-12 18:22:18,28.017,-97.5169,42.8,70,90,10.36
208,Gamba,GA,2021-01-12 18:22:19,-2.65,10.0,78.76,84,100,7.34
209,Iqaluit,CA,2021-01-12 18:22:19,63.7506,-68.5145,3.2,72,75,6.91
210,Naantali,FI,2021-01-12 18:22:19,60.4674,22.0243,32.0,100,90,11.5
211,Beaverlodge,CA,2021-01-12 18:22:20,55.2166,-119.4361,24.8,86,90,4.61
212,Vila Franca Do Campo,PT,2021-01-12 18:22:20,37.7167,-25.4333,60.8,94,75,16.11
213,Mount Isa,AU,2021-01-12 18:20:06,-20.7333,139.5,80.6,65,85,4.61
214,Honningsvag,NO,2021-01-12 18:22:21,70.9821,25.9704,19.4,79,75,21.85
215,Beloha,MG,2021-01-12 18:22:21,-25.1667,45.05,77.04,78,3,12.8
216,Tucupita,VE,2021-01-12 18:22:22,9.0622,-62.051,83.86,66,70,5.55
217,Hopelchen,MX,2021-01-12 18:22:22,19.7667,-89.85,71.6,94,90,11.5
218,Geraldton,AU,2021-01-12 18:22:22,-28.7667,114.6,69.8,83,90,14.97
219,Tura,IN,2021-01-12 18:22:23,25.5198,90.2201,57.7,47,0,2.73
220,Castro,BR,2021-01-12 18:22:23,-24.7911,-50.0119,83.59,52,60,3.13
221,Ocosingo,MX,2021-01-12 18:22:23,17.0667,-92.25,69.8,88,75,11.5
222,Alibag,IN,2021-01-12 18:22:24,18.6411,72.8792,84.2,65,47,6.42
223,Krasnoyarskiy,RU,2021-01-12 18:22:24,51.965,59.8967,-16.38,89,75,2.84
224,Mandera,KE,2021-01-12 18:22:25,3.9366,41.867,85.86,27,16,9.75
225,Bambous Virieux,MU,2021-01-12 18:22:25,-20.3428,57.7575,79.0,100,75,14.97
226,Bairnsdale,AU,2021-01-12 18:22:25,-37.8333,147.6167,55.99,1,0,3.15
227,Christchurch,NZ,2021-01-12 18:22:18,-43.5333,172.6333,62.01,94,90,2.3
228,Yulara,AU,2021-01-12 18:22:26,-25.2406,130.9889,80.6,22,1,5.75
229,Kaeo,NZ,2021-01-12 18:22:26,-35.1,173.7833,63.0,95,37,3.0
230,Gusau,NG,2021-01-12 18:22:26,12.1628,6.6614,77.99,16,0,8.97
231,Nome,US,2021-01-12 18:22:27,64.5011,-165.4064,10.4,72,1,13.8
232,Asau,RO,2021-01-12 18:22:27,46.4333,26.4,32.0,100,90,4.61
233,Doha,QA,2021-01-12 18:18:31,25.2867,51.5333,64.4,72,0,9.22
234,Zharkent,KZ,2021-01-12 18:22:27,44.1628,80.0,22.82,83,90,1.23
235,Araouane,ML,2021-01-12 18:22:28,18.9048,-3.5265,74.14,19,85,11.01
236,Laureles,US,2021-01-12 18:22:28,26.1092,-97.4941,50.0,66,90,14.97
237,Amberley,US,2021-01-12 18:22:28,39.2048,-84.428,30.99,69,90,11.5
238,Escarcega,MX,2021-01-12 18:22:28,18.6089,-90.7454,71.82,89,93,2.53
239,Washougal,US,2021-01-12 18:22:28,45.5826,-122.3534,57.2,88,90,17.27
240,San Quintin,MX,2021-01-12 18:22:29,30.4833,-115.95,65.3,29,0,1.92
241,Khatanga,RU,2021-01-12 18:22:30,71.9667,102.5,-25.19,87,98,0.51
242,Bengkulu,ID,2021-01-12 18:22:30,-3.8004,102.2655,75.42,87,100,5.57
243,Henderson,US,2021-01-12 18:21:09,36.0397,-114.9819,52.0,26,1,2.95
244,Grindavik,IS,2021-01-12 18:22:31,63.8424,-22.4338,35.6,80,75,35.68
245,Santa Maria Del Oro,MX,2021-01-12 18:22:31,25.9333,-105.3667,46.24,53,0,2.37
246,Provideniya,RU,2021-01-12 18:22:31,64.3833,-173.3,-10.95,83,85,10.51
247,Ankang,CN,2021-01-12 18:22:32,32.68,109.0172,37.0,40,0,1.99
248,Yilan,TW,2021-01-12 18:22:32,24.757,121.753,46.0,99,31,4.61
249,Barreirinha,BR,2021-01-12 18:22:32,-2.7933,-57.07,90.37,55,38,2.89
250,Kushiro,JP,2021-01-12 18:22:32,42.975,144.3747,34.32,95,100,11.07
251,Champerico,GT,2021-01-12 18:22:33,14.3,-91.9167,89.6,58,0,9.22
252,Kendari,ID,2021-01-12 18:22:33,-3.945,122.4989,76.59,90,88,3.29
253,Penalva,BR,2021-01-12 18:22:33,-3.2942,-45.1736,85.08,71,54,5.26
254,San Policarpo,PH,2021-01-12 18:22:34,12.1791,125.5072,78.84,86,100,18.39
255,Carnarvon,AU,2021-01-12 18:22:34,-24.8667,113.6333,75.2,78,3,20.71
256,Sal Rei,CV,2021-01-12 18:22:34,16.1833,-22.9167,71.6,60,75,19.57
257,Paamiut,GL,2021-01-12 18:22:35,61.994,-49.6678,24.94,96,100,17.6
258,Torbay,CA,2021-01-12 18:22:35,47.6666,-52.7314,30.99,80,90,5.75
259,Porto Novo,BJ,2021-01-12 18:22:36,6.4965,2.6036,84.2,79,20,12.66
260,Kutum,SD,2021-01-12 18:22:36,14.2,24.6667,63.48,27,0,8.14
261,Enumclaw,US,2021-01-12 18:22:37,47.2043,-121.9915,54.0,96,100,5.1
262,Kathu,TH,2021-01-12 18:22:37,7.9178,98.3332,82.0,78,20,5.75
263,San Isidro,PE,2021-01-12 18:22:37,-12.1167,-77.05,75.2,69,75,5.75
264,Matamoros,MX,2021-01-12 18:22:38,25.5333,-103.25,48.2,49,1,3.33
265,Santa Marta,CO,2021-01-12 18:18:51,11.2408,-74.199,86.0,61,91,15.01
266,Kiunga,PG,2021-01-12 18:22:38,-6.1219,141.2906,73.9,98,100,1.59
267,Pekalongan,ID,2021-01-12 18:22:38,-6.8886,109.6753,51.01,10,100,8.5
268,Aklavik,CA,2021-01-12 18:22:39,68.2191,-135.0107,3.2,85,100,1.14
269,Husavik,IS,2021-01-12 18:22:39,66.0449,-17.3389,19.4,63,0,5.75
270,Akdepe,TM,2021-01-12 18:22:39,42.0551,59.3788,30.2,86,95,6.91
271,Sitka,US,2021-01-12 18:22:40,57.0531,-135.33,39.2,87,90,5.75
272,Fort-Shevchenko,KZ,2021-01-12 18:22:40,44.5086,50.263,34.57,85,43,12.41
273,Hambantota,LK,2021-01-12 18:22:40,6.1241,81.1185,77.95,85,97,6.46
274,Buala,SB,2021-01-12 18:20:48,-8.145,159.5921,78.08,81,100,4.32
275,Nalut,LY,2021-01-12 18:22:41,30.3333,10.85,52.57,41,26,10.22
276,Havre-Saint-Pierre,CA,2021-01-12 18:22:41,50.2334,-63.5986,17.6,79,90,2.3
277,Jining,CN,2021-01-12 18:22:41,35.405,116.5814,34.57,81,0,9.82
278,Ponta Do Sol,PT,2021-01-12 18:22:42,32.6667,-17.1,57.0,50,56,5.01
279,Saskylakh,RU,2021-01-12 18:22:42,71.9167,114.0833,-26.64,84,100,3.76
280,Mokhsogollokh,RU,2021-01-12 18:22:42,61.4681,128.9203,-45.22,77,85,2.35
281,Bayevo,RU,2021-01-12 18:22:43,53.2833,80.7667,7.48,95,100,11.18
282,Lukovetskiy,RU,2021-01-12 18:22:43,64.2956,41.9211,-18.4,76,0,4.47
283,Vardo,NO,2021-01-12 18:22:44,70.3705,31.1107,8.6,66,20,21.85
284,Nizhneangarsk,RU,2021-01-12 18:22:44,55.7833,109.55,-19.19,75,93,7.23
285,Kununurra,AU,2021-01-12 18:22:44,-15.7667,128.7333,82.4,94,70,5.99
286,Stornoway,GB,2021-01-12 18:22:44,58.2093,-6.3865,36.0,86,75,3.44
287,Nenjiang,CN,2021-01-12 18:22:45,49.1833,125.2167,-3.3,92,100,6.78
288,Biak,ID,2021-01-12 18:18:15,-0.9131,122.8766,77.85,80,51,2.33
289,Seoul,KR,2021-01-12 18:19:03,37.5683,126.9778,23.0,100,50,8.05
290,Wajima,JP,2021-01-12 18:22:45,37.4,136.9,41.83,74,98,16.78
291,Yarada,IN,2021-01-12 18:19:21,17.65,83.2667,69.8,94,0,2.3
292,Mehamn,NO,2021-01-12 18:22:46,71.0357,27.8492,12.2,62,0,10.36
293,Pavlodar,KZ,2021-01-12 18:22:46,52.3,76.95,6.8,78,90,17.9
294,Olafsvik,IS,2021-01-12 18:19:40,64.8945,-23.7142,34.56,82,92,14.2
295,Airai,TL,2021-01-12 18:22:47,-8.9266,125.4092,62.04,100,97,1.45
296,Tiksi,RU,2021-01-12 18:19:50,71.6872,128.8694,-35.14,81,100,6.91
297,Kokopo,PG,2021-01-12 18:22:48,-4.352,152.2633,78.62,83,97,0.89
298,Rocha,UY,2021-01-12 18:22:48,-34.4833,-54.3333,72.61,33,100,11.32
299,Abha,SA,2021-01-12 18:22:48,18.2164,42.5053,51.8,66,40,8.05
300,Nongan,CN,2021-01-12 18:22:48,44.382,125.1685,3.2,72,0,6.71
301,Kulu,TR,2021-01-12 18:22:49,39.0951,33.0799,54.57,57,100,19.28
302,Joinville,BR,2021-01-12 18:22:49,-26.3044,-48.8456,90.0,70,40,9.22
303,Meulaboh,ID,2021-01-12 18:22:49,4.1363,96.1285,75.92,85,97,3.91
304,Alta Floresta,BR,2021-01-12 18:22:50,-9.8756,-56.0861,84.2,74,75,9.22
305,Vestmannaeyjar,IS,2021-01-12 18:22:50,63.4427,-20.2734,37.4,93,75,35.68
306,Clemson,US,2021-01-12 18:19:27,34.6834,-82.8374,50.0,81,0,2.3
307,Ravar,IR,2021-01-12 18:22:51,31.2656,56.8055,42.57,50,0,1.14
308,Calama,CL,2021-01-12 18:22:51,-22.4667,-68.9333,75.2,20,0,23.02
309,Clarksville,US,2021-01-12 18:22:19,36.5298,-87.3595,37.4,69,1,6.91
310,Azle,US,2021-01-12 18:22:52,32.8951,-97.5459,48.99,46,1,9.22
311,Faya,SA,2021-01-12 18:22:52,18.3851,42.4509,51.8,66,40,7.58
312,Port Blair,IN,2021-01-12 18:19:38,11.6667,92.75,78.39,77,41,13.11
313,Svetlyy,RU,2021-01-12 18:22:53,54.675,20.1347,32.0,100,90,6.71
314,Juneau,US,2021-01-12 18:22:36,58.3019,-134.4197,39.2,70,90,14.97
315,Tupik,RU,2021-01-12 18:22:54,54.4253,119.9327,-19.1,85,100,2.46
316,Olinda,BR,2021-01-12 18:22:54,-8.0089,-34.8553,82.4,61,20,9.22
317,Arraial Do Cabo,BR,2021-01-12 18:19:20,-22.9661,-42.0278,87.8,65,20,19.57
318,Lesnica,RS,2021-01-12 18:22:54,44.6525,19.31,32.0,100,90,1.14
319,Guymon,US,2021-01-12 18:20:12,36.6828,-101.4816,42.8,52,1,4.61
320,Yangambi,CD,2021-01-12 18:22:55,0.8102,24.4336,81.0,54,99,2.68
321,Lipari,IT,2021-01-12 18:22:55,38.4674,14.954,51.01,75,48,11.01
322,Lorengau,PG,2021-01-12 18:22:56,-2.0226,147.2712,82.09,80,98,11.56
323,Kapuskasing,CA,2021-01-12 18:22:56,49.4169,-82.4331,30.2,80,85,13.8
324,Maketu,NZ,2021-01-12 18:22:56,-37.7667,176.45,64.99,100,5,1.01
325,Sept-Iles,CA,2021-01-12 18:22:57,50.2001,-66.3821,23.0,63,68,3.44
326,Hobyo,SO,2021-01-12 18:21:13,5.3505,48.5268,76.03,74,3,21.72
327,Sao Raimundo Nonato,BR,2021-01-12 18:22:57,-9.0153,-42.6994,93.58,38,61,3.78
328,Smithers,CA,2021-01-12 18:20:40,54.7804,-127.1743,32.0,86,75,12.66
329,Sorong,ID,2021-01-12 18:22:58,-0.8833,131.25,81.77,80,98,7.49
330,Bekhtery,UA,2021-01-12 18:22:58,46.251,32.2927,30.2,93,75,15.66
331,Wagar,SD,2021-01-12 18:22:58,16.1525,36.2032,72.52,62,2,19.91
332,Whyalla,AU,2021-01-12 18:22:59,-33.0333,137.5833,60.8,88,23,4.61
333,Takoradi,GH,2021-01-12 18:22:59,4.8845,-1.7554,81.32,79,12,11.32
334,Dukat,RU,2021-01-12 18:22:59,62.55,155.55,-15.21,88,99,1.99
335,Padang,ID,2021-01-12 18:22:59,-0.9492,100.3543,77.18,76,100,4.38
336,Rawson,AR,2021-01-12 18:20:28,-43.3002,-65.1023,69.33,26,0,12.66
337,Hede,CN,2021-01-12 18:23:00,33.7681,120.2517,35.87,80,0,12.77
338,Novita,CO,2021-01-12 18:23:00,4.9551,-76.6053,88.23,62,81,3.11
339,Guanhaes,BR,2021-01-12 18:23:01,-18.775,-42.9325,77.9,78,85,4.16
340,Kamaishi,JP,2021-01-12 18:23:02,39.2667,141.8833,35.47,84,31,7.47
341,Nisia Floresta,BR,2021-01-12 18:21:09,-6.0911,-35.2086,80.6,83,75,8.05
342,Vanimo,PG,2021-01-12 18:23:03,-2.6741,141.3028,78.8,83,100,3.02
343,Hanzhong,CN,2021-01-12 18:23:03,33.0728,107.0303,34.18,78,0,2.04
344,Boromlya,UA,2021-01-12 18:23:03,50.6184,34.9704,26.38,93,42,7.4
345,Stromness,GB,2021-01-12 18:23:03,58.965,-3.296,39.2,75,40,12.66
346,Nouadhibou,MR,2021-01-12 18:23:04,20.931,-17.0347,71.6,43,0,13.8
347,Bocana De Paiwas,NI,2021-01-12 18:23:04,12.7857,-85.1227,80.2,78,17,15.7
348,Chato,TZ,2021-01-12 18:23:04,-2.6378,31.7669,70.34,70,41,0.56
349,Mahebourg,MU,2021-01-12 18:23:04,-20.4081,57.7,77.0,100,75,14.97
350,Port Hardy,CA,2021-01-12 18:19:43,50.6996,-127.4199,46.4,87,75,3.71
351,Port Townsend,US,2021-01-12 18:23:05,48.117,-122.7605,52.0,93,1,1.36
352,La Ronge,CA,2021-01-12 18:23:06,55.1001,-105.2842,33.8,60,0,6.91
353,Hermon,US,2021-01-12 18:23:06,44.8101,-68.9134,36.0,86,75,3.44
354,Kovur,IN,2021-01-12 18:23:06,14.4833,79.9833,72.46,91,92,3.42
355,Saint-Pierre,RE,2021-01-12 18:23:06,-21.3393,55.4781,78.8,89,90,3.44
356,Gravdal,NO,2021-01-12 18:23:07,68.1214,13.5031,30.2,55,75,17.27
357,Moose Factory,CA,2021-01-12 18:20:19,51.2585,-80.6094,26.6,86,90,16.11
358,Haines Junction,CA,2021-01-12 18:23:07,60.7522,-137.5108,15.8,92,100,1.14
359,Sinazongwe,ZM,2021-01-12 18:23:08,-17.2614,27.4618,79.54,73,2,3.56
360,Moses Lake,US,2021-01-12 18:23:08,47.1301,-119.2781,41.0,87,75,4.61
361,Carnot,CF,2021-01-12 18:23:09,4.9409,15.8665,80.11,17,49,0.43
362,Imeni Poliny Osipenko,RU,2021-01-12 18:23:09,52.4201,136.4853,-25.15,85,39,3.78
363,Prince Rupert,CA,2021-01-12 18:23:09,54.3161,-130.3201,42.8,81,90,13.8
364,Trat,TH,2021-01-12 18:22:17,12.5,102.5,62.73,55,0,8.19
365,Taoudenni,ML,2021-01-12 18:23:10,22.6783,-3.9836,69.01,22,94,13.13
366,Namanga,KE,2021-01-12 18:23:10,-2.5433,36.7905,65.35,90,41,8.95
367,Pecos,US,2021-01-12 18:23:10,31.4229,-103.4932,39.2,70,1,2.3
368,Bestobe,KZ,2021-01-12 18:23:11,52.4994,73.0975,-2.92,92,100,14.7
369,Muriti,TZ,2021-01-12 18:23:11,-1.9833,32.9167,73.62,64,72,0.31
370,Cuajinicuilapa,MX,2021-01-12 18:23:11,16.4667,-98.4167,92.77,35,0,3.49
371,Mandalgovi,MN,2021-01-12 18:23:12,45.7625,106.2708,-0.04,88,39,3.58
372,Gualeguaychu,AR,2021-01-12 18:23:12,-33.0094,-58.5172,81.0,48,79,4.0
373,Chase,CA,2021-01-12 18:23:12,50.8165,-119.6857,39.0,87,100,4.61
374,Kardailovo,RU,2021-01-12 18:23:12,51.5386,53.9042,-6.99,91,92,3.56
375,Ewa Beach,US,2021-01-12 18:23:12,21.3156,-158.0072,73.4,73,90,3.44
376,Wuda,CN,2021-01-12 18:23:13,39.4994,106.7117,27.32,62,0,16.73
377,Reyes,BO,2021-01-12 18:23:13,-14.3167,-67.3833,93.2,62,75,16.11
378,Mangai,CD,2021-01-12 18:23:14,-4.05,19.5333,74.95,86,83,1.5
379,Paraiso,CR,2021-01-12 18:23:14,9.8383,-83.8656,80.6,68,75,20.71
380,Ciudad Bolivar,VE,2021-01-12 18:23:14,8.1222,-63.5497,86.88,51,83,9.19
381,Nuuk,GL,2021-01-12 18:23:15,64.1835,-51.7216,23.0,93,75,12.66
382,Mapiripan,CO,2021-01-12 18:23:15,2.8892,-72.1256,85.14,60,69,10.92
383,Charters Towers,AU,2021-01-12 18:23:15,-20.1,146.2667,73.36,89,100,5.99
384,Sao Domingos,BR,2021-01-12 18:23:15,-13.3983,-46.3183,83.43,61,53,2.84
385,Roma,US,2021-01-12 18:22:05,43.2128,-75.4557,33.01,74,90,6.91
386,Valle Hermoso,MX,2021-01-12 18:23:16,25.6667,-97.8333,51.8,71,90,10.36
387,Emirdag,TR,2021-01-12 18:23:16,39.0197,31.15,49.14,64,85,6.71
388,Saldanha,ZA,2021-01-12 18:23:17,-33.0117,17.9442,80.6,39,28,9.22
389,Ballina,AU,2021-01-12 18:23:17,-28.8667,153.5667,66.2,94,90,4.61
390,Tarazona,ES,2021-01-12 18:23:17,41.9,-1.7333,42.8,70,75,13.8
391,Maple Creek,CA,2021-01-12 18:23:18,49.9168,-109.4848,44.6,45,100,14.97
392,Umm Kaddadah,SD,2021-01-12 18:23:18,13.6017,26.6876,72.99,21,0,11.05
393,Rusape,ZW,2021-01-12 18:23:18,-18.5278,32.1284,65.07,93,88,5.21
394,Gyomaendrod,HU,2021-01-12 18:23:18,46.9333,20.8333,33.01,93,90,4.61
395,Lermontovka,RU,2021-01-12 18:23:19,47.1453,134.3383,7.18,93,100,1.59
396,Sciacca,IT,2021-01-12 18:22:05,37.5082,13.0881,42.01,86,29,5.99
397,Quakenbruck,DE,2021-01-12 18:21:38,52.6833,7.95,36.0,85,38,5.01
398,Berlevag,NO,2021-01-12 18:20:13,70.8578,29.0864,14.0,48,0,8.05
399,Mathbaria,BD,2021-01-12 18:23:20,22.2876,89.9593,64.62,76,0,0.65
400,Katsuura,JP,2021-01-12 18:23:20,35.1333,140.3,35.6,87,0,5.75
401,Tuatapere,NZ,2021-01-12 18:19:36,-46.1333,167.6833,55.99,86,70,1.01
402,Suntar,RU,2021-01-12 18:23:21,62.1444,117.6319,-33.66,83,90,3.94
403,Apollonia,GR,2021-01-12 18:23:21,36.9716,24.7231,64.4,77,91,18.41
404,Ixtapa,MX,2021-01-12 18:23:21,20.7,-105.2,71.6,64,75,3.44
405,Dorado,PR,2021-01-12 18:23:22,18.4588,-66.2677,82.99,65,40,14.97
406,Sundsvall,SE,2021-01-12 18:23:22,62.3913,17.3063,19.4,93,41,1.14
407,Bowen,AU,2021-01-12 18:23:23,-20.0167,148.2333,75.2,88,99,10.36
408,Hami,CN,2021-01-12 18:23:24,42.8,93.45,15.01,82,0,0.81
409,Davila,PH,2021-01-12 18:23:24,18.4726,120.5763,64.4,94,20,3.44
410,Venado,MX,2021-01-12 18:23:24,22.9333,-101.0833,54.52,46,12,6.91
411,Amudalavalasa,IN,2021-01-12 18:23:25,18.4167,83.9,68.95,85,17,1.81
412,Matagami,CA,2021-01-12 18:23:25,49.7502,-77.6328,26.6,93,90,4.61
413,Mamou,GN,2021-01-12 18:23:25,10.5,-12.0,87.28,20,3,3.78
414,Rameswaram,IN,2021-01-12 18:23:25,9.2833,79.3,80.22,84,100,21.41
415,Bundaberg,AU,2021-01-12 18:23:26,-24.85,152.35,71.01,88,2,6.91
416,Caxito,AO,2021-01-12 18:23:26,-8.5785,13.6643,78.8,78,20,6.91
417,Palmer,US,2021-01-12 18:23:26,42.1584,-72.3287,37.0,64,75,4.61
418,Havelock,US,2021-01-12 18:23:26,34.8791,-76.9013,48.0,100,90,10.36
419,Pierre,US,2021-01-12 18:20:00,44.3683,-100.351,50.0,56,39,13.0
420,Ugep,NG,2021-01-12 18:23:27,5.8086,8.0812,86.9,33,1,2.89
421,Sayyan,YE,2021-01-12 18:23:27,15.1718,44.3244,42.58,61,25,4.74
422,Wanaka,NZ,2021-01-12 18:23:28,-44.7,169.15,57.0,73,0,3.0
423,Sarankhola,BD,2021-01-12 18:23:28,22.3082,89.7897,63.39,68,0,2.21
424,Port Macquarie,AU,2021-01-12 18:23:01,-31.4333,152.9167,61.0,94,45,4.63
425,Pangody,RU,2021-01-12 18:23:28,65.85,74.4859,-1.53,93,100,13.49
426,San Angelo,US,2021-01-12 18:19:10,31.4638,-100.437,42.01,75,1,6.91
427,Urla,TR,2021-01-12 18:23:29,38.3229,26.764,64.4,72,75,13.8
428,Gandajika,CD,2021-01-12 18:23:29,-6.75,23.95,68.72,95,52,1.48
429,Comodoro Rivadavia,AR,2021-01-12 18:23:29,-45.8667,-67.5,71.6,33,40,9.22
430,Sao Luis De Montes Belos,BR,2021-01-12 18:23:30,-16.525,-50.3722,83.62,68,82,5.91
431,Nantucket,US,2021-01-12 18:23:30,41.2835,-70.0995,39.2,65,1,8.05
432,Muncar,ID,2021-01-12 18:23:30,-8.4333,114.3333,78.01,84,91,1.97
433,Sharan,RU,2021-01-12 18:23:31,54.8167,54.0,-8.0,90,94,4.7
434,Huntingdon,GB,2021-01-12 18:22:52,52.3305,-0.1865,35.01,88,6,1.01
435,Vryburg,ZA,2021-01-12 18:23:31,-26.9566,24.7284,67.82,80,100,8.34
436,Manzhouli,CN,2021-01-12 18:23:32,49.6,117.4333,-3.17,87,80,12.35
437,Ustynivka,UA,2021-01-12 18:23:32,47.9551,32.5367,28.4,74,90,8.95
438,Gondar,ET,2021-01-12 18:23:32,12.6,37.4667,56.73,38,29,6.46
439,Casa Nova,BR,2021-01-12 18:23:33,-9.4167,-41.1333,95.0,36,20,5.75
440,Dunedin,NZ,2021-01-12 18:18:46,-45.8742,170.5036,56.77,91,12,4.21
441,Petukhovo,RU,2021-01-12 18:23:34,55.0692,67.9019,-10.57,89,100,9.35
442,Tevriz,RU,2021-01-12 18:23:34,57.509,72.4042,-21.69,85,0,4.94
443,Rio Cuarto,AR,2021-01-12 18:21:22,-33.1307,-64.3499,77.0,31,0,16.11
444,Leua,SK,2021-01-12 18:23:35,48.2156,18.6071,33.01,94,95,1.99
445,Hopkinsville,US,2021-01-12 18:18:54,36.8656,-87.4886,39.0,60,1,9.08
446,Ulaangom,MN,2021-01-12 18:23:36,49.9811,92.0667,-16.31,84,83,1.52
447,Manuk Mangkaw,PH,2021-01-12 18:23:36,4.8,119.85,80.51,83,88,23.73
448,Antofagasta,CL,2021-01-12 18:23:36,-23.65,-70.4,73.0,60,20,16.11
449,Shelopugino,RU,2021-01-12 18:23:37,51.6514,117.5599,-8.45,89,100,2.64
450,Kavieng,PG,2021-01-12 18:23:37,-2.5744,150.7967,82.33,78,23,14.16
451,Svetlaya,RU,2021-01-12 18:23:37,46.5389,138.3297,14.72,88,98,8.32
452,Evensk,RU,2021-01-12 18:23:38,61.95,159.2333,-4.11,84,100,2.28
453,Korla,CN,2021-01-12 18:20:23,41.7597,86.1469,16.29,82,0,2.44
454,Huarmey,PE,2021-01-12 18:23:38,-10.0681,-78.1522,75.83,69,27,11.16
455,Severo-Kurilsk,RU,2021-01-12 18:23:39,50.6789,156.125,18.75,90,97,14.12
456,Mizdah,LY,2021-01-12 18:22:15,31.4451,12.9801,50.31,60,39,14.7
457,Dongsheng,CN,2021-01-12 18:23:40,39.8161,109.9776,17.44,71,0,12.91
458,Huaiyin,CN,2021-01-12 18:23:40,33.5886,119.0192,38.01,75,0,11.21
459,Guajara,BR,2021-01-12 18:23:40,-2.9667,-57.6667,88.86,62,66,1.59
460,Tema,GH,2021-01-12 18:23:40,5.667,-0.0166,82.4,78,20,14.97
461,Tupiza,BO,2021-01-12 18:23:41,-21.45,-65.7167,70.52,37,44,20.92
462,Chibombo,ZM,2021-01-12 18:23:41,-14.6569,28.0706,68.45,93,68,3.42
463,Riyadh,SA,2021-01-12 18:22:06,24.6877,46.7219,55.4,28,0,5.75
464,Sacu,RO,2021-01-12 18:23:42,45.5667,22.1167,35.01,100,75,6.91
465,Isangel,VU,2021-01-12 18:23:42,-19.55,169.2667,79.57,81,100,5.55
466,Sao Pedro Do Sul,BR,2021-01-12 18:23:42,-29.6206,-54.1789,77.0,78,75,3.44
467,Seredka,RU,2021-01-12 18:23:43,58.1584,28.1858,28.4,86,90,8.95
468,Saint-Joseph,RE,2021-01-12 18:23:43,-21.3667,55.6167,78.8,89,90,3.44
469,Rongcheng,CN,2021-01-12 18:23:43,30.634,117.8517,35.92,77,0,5.79
470,Arman,RU,2021-01-12 18:23:44,59.7,150.1667,3.47,92,100,4.07
471,Romny,UA,2021-01-12 18:23:44,50.751,33.4747,26.33,92,12,9.15
472,Flin Flon,CA,2021-01-12 18:23:45,54.7682,-101.865,28.4,74,75,12.66
473,Sur,OM,2021-01-12 18:20:23,22.5667,59.5289,67.23,54,0,10.07
474,Qaqortoq,GL,2021-01-12 18:23:45,60.7167,-46.0333,44.6,39,75,10.36
475,Kysyl-Syr,RU,2021-01-12 18:21:18,63.8986,122.7617,-42.56,80,99,3.62
476,Minsk,BY,2021-01-12 18:23:46,53.9,27.5667,28.4,86,75,11.18
477,Adjumani,UG,2021-01-12 18:23:46,3.3779,31.7909,82.89,29,27,1.59
478,Yei,SS,2021-01-12 18:23:46,4.095,30.6779,78.73,28,0,3.18
479,Birao,CF,2021-01-12 18:23:46,10.2849,22.7882,74.43,19,0,4.94
480,Khanna,IN,2021-01-12 18:22:11,30.7044,76.2231,46.45,57,0,6.31
481,Hailar,CN,2021-01-12 18:23:47,49.2,119.7,-8.21,91,100,6.71
482,Bairiki,KI,2021-01-12 18:20:51,1.3292,172.9752,77.0,100,90,13.8
483,Najran,SA,2021-01-12 18:20:25,17.4924,44.1277,55.4,44,0,2.3
484,Elumalai,IN,2021-01-12 18:23:48,9.8667,77.7,75.2,83,75,5.75
485,Lokosovo,RU,2021-01-12 18:20:24,61.1333,74.8167,-19.44,88,99,4.97
486,Vakhrushev,RU,2021-01-12 18:23:48,48.9833,142.9667,7.03,94,99,8.21
487,Guerrero Negro,MX,2021-01-12 18:23:49,27.9769,-114.0611,65.05,28,0,5.21
488,Tsabong,BW,2021-01-12 18:23:49,-26.0217,22.401,80.87,53,50,11.79
489,Dax,FR,2021-01-12 18:23:49,43.75,-1.1667,48.99,76,100,6.91
490,Dingle,PH,2021-01-12 18:20:08,10.9995,122.6711,72.73,85,100,12.8
491,Fare,PF,2021-01-12 18:23:50,-16.7,-151.0167,81.28,76,100,19.84
492,Sunbury,AU,2021-01-12 18:23:50,-37.5833,144.7333,57.99,82,75,4.61
493,Dowa,MW,2021-01-12 18:23:50,-13.654,33.9375,64.42,98,95,1.21
494,Shunyi,CN,2021-01-12 18:23:51,40.125,116.6453,30.99,57,0,2.24
495,Yeppoon,AU,2021-01-12 18:23:51,-23.1333,150.7333,73.4,73,98,8.05
496,Poum,NC,2021-01-12 18:23:51,-20.2333,164.0167,81.54,83,29,14.27
497,Altea,ES,2021-01-12 18:23:52,38.5989,-0.0514,48.0,84,0,1.5
498,Rudbar,AF,2021-01-12 18:23:52,30.15,62.6,45.91,41,0,4.5
499,Atherton,GB,2021-01-12 18:23:52,53.5237,-2.4935,36.0,73,33,2.26
500,Osinovo,RU,2021-01-12 18:23:52,55.8809,48.881,-14.8,70,0,2.24
501,Meybod,IR,2021-01-12 18:23:53,32.2501,54.0166,39.2,20,0,2.3
502,Samana,DO,2021-01-12 18:23:53,19.2056,-69.3369,84.2,74,20,13.8
503,Abashiri,JP,2021-01-12 18:23:53,44.0213,144.2697,30.99,78,99,1.99
504,Eten,PE,2021-01-12 18:23:53,-6.9081,-79.8642,82.4,51,40,18.41
505,Juegang,CN,2021-01-12 18:23:54,32.3174,121.1855,41.0,50,0,11.05
506,Gizo,SB,2021-01-12 18:23:54,-8.103,156.8419,81.41,76,100,8.66
507,Collie,AU,2021-01-12 18:23:54,-33.3667,116.15,57.99,77,18,4.0
508,Acarau,BR,2021-01-12 18:18:56,-2.8856,-40.12,84.72,62,91,15.14
509,Xuanwu,CN,2021-01-12 18:23:55,32.069,118.8138,43.0,39,0,13.42
510,Kirakira,SB,2021-01-12 18:20:32,-10.4544,161.9205,77.59,90,100,8.63
511,Gorin,RU,2021-01-12 18:23:55,51.1983,136.6669,-15.02,88,97,3.27
512,Mogadishu,SO,2021-01-12 18:23:55,2.0371,45.3438,77.2,76,0,21.63
513,Sibu,MY,2021-01-12 18:20:25,2.3,111.8167,77.0,94,40,3.44
514,Otradnoye,RU,2021-01-12 18:23:56,59.7775,30.8181,12.2,85,90,22.37
515,Petrachioaia,RO,2021-01-12 18:23:56,44.5833,26.3,34.0,100,90,11.5
516,Komsomolskiy,UZ,2021-01-12 18:19:25,40.4272,71.7189,33.8,64,97,4.61
517,Brae,GB,2021-01-12 18:23:57,60.3964,-1.353,37.4,87,40,18.41
518,Pangai,TO,2021-01-12 18:23:57,-19.8,-174.35,78.8,100,40,4.61
519,Lichinga,MZ,2021-01-12 18:21:31,-13.3128,35.2406,68.0,100,75,8.05
520,Cervo,ES,2021-01-12 18:23:58,43.6702,-7.4101,48.0,85,13,3.47
521,Golden,US,2021-01-12 18:22:11,39.7555,-105.2211,48.0,21,20,6.91
522,Saint Anthony,US,2021-01-12 18:19:26,45.0205,-93.218,32.0,86,1,4.61
523,Lagoa,PT,2021-01-12 18:23:59,39.05,-27.9833,60.89,86,100,24.09
524,Mnogovershinnyy,RU,2021-01-12 18:23:59,53.9353,139.9242,-21.95,76,0,1.12
525,Shimoda,JP,2021-01-12 18:24:00,34.6667,138.95,30.0,94,1,15.99
526,Juan Lacaze,UY,2021-01-12 18:24:00,-34.4342,-57.4381,75.0,68,0,9.22
527,Amparafaravola,MG,2021-01-12 18:24:00,-17.5833,48.2167,71.78,84,13,3.6
528,Artyom,AZ,2021-01-12 18:24:01,40.4723,50.333,44.6,100,90,4.61
529,San Jose,US,2021-01-12 18:21:54,37.3394,-121.895,55.99,71,90,1.95
530,Dickinson,US,2021-01-12 18:24:02,29.4608,-95.0513,50.0,57,20,2.3
531,Along,IN,2021-01-12 18:24:02,28.1667,94.7667,56.07,78,82,1.43
532,Berbera,SO,2021-01-12 18:21:20,10.4396,45.0143,75.47,58,0,11.3
533,Calabozo,VE,2021-01-12 18:24:03,8.9242,-67.4293,89.85,38,88,7.72
534,Ushibuka,JP,2021-01-12 18:24:03,32.1906,130.0228,47.08,65,91,6.73
535,Maxixe,MZ,2021-01-12 18:24:03,-23.8597,35.3472,82.4,83,20,2.3
536,Kangavar,IR,2021-01-12 18:24:03,34.5043,47.9653,41.79,56,0,0.83
537,Phonhong,LA,2021-01-12 18:24:04,18.5007,102.4166,52.47,59,30,3.44
538,Manutuke,NZ,2021-01-12 18:24:04,-38.6833,177.9167,59.0,91,75,1.99
539,Oudtshoorn,ZA,2021-01-12 18:24:04,-33.5907,22.2014,66.2,100,90,16.11
540,Acapulco,MX,2021-01-12 18:24:04,16.8634,-99.8901,86.0,54,40,5.75
541,Nizwa,OM,2021-01-12 18:24:05,22.9333,57.5333,56.26,35,0,3.98
542,Quesnel,CA,2021-01-12 18:24:05,52.9999,-122.5029,41.0,70,90,10.36
543,Benguela,AO,2021-01-12 18:24:05,-12.5763,13.4055,77.2,74,3,8.77
544,Nassau,US,2021-01-12 18:24:06,40.7507,-73.5829,43.0,45,1,6.31
545,Hammerfest,NO,2021-01-12 18:24:06,70.6634,23.6821,21.2,53,0,11.5
546,Brazii,RO,2021-01-12 18:24:06,44.7667,26.35,34.0,100,90,11.5
547,San Cristobal,VE,2021-01-12 18:20:58,7.7669,-72.225,82.4,65,40,11.5
548,Mackay,AU,2021-01-12 18:24:07,-21.15,149.2,77.0,88,75,10.36
549,Jumla,NP,2021-01-12 18:24:07,29.2747,82.1838,38.17,48,0,3.87
550,Vestmanna,FO,2021-01-12 18:24:07,62.1564,-7.1664,33.8,80,75,6.91
551,Sioux Lookout,CA,2021-01-12 18:24:08,50.1001,-91.917,23.0,100,90,9.22
552,Pathein,MM,2021-01-12 18:24:08,16.7833,94.7333,70.56,79,44,4.59
553,Ibicui,BR,2021-01-12 18:24:09,-14.8417,-39.9867,85.32,56,72,10.51
554,Nara,JP,2021-01-12 18:24:09,34.6851,135.8049,35.01,71,13,5.53
555,Abu Dhabi,AE,2021-01-12 18:19:18,24.4667,54.3667,66.2,63,0,10.36
556,Rio Grande,BR,2021-01-12 18:23:35,-32.035,-52.0986,75.2,69,90,11.5
557,Dovers,VC,2021-01-12 18:24:10,12.8833,-61.1833,80.6,78,20,10.36
558,Hamilton,US,2021-01-12 18:20:23,39.1834,-84.5333,30.99,69,90,11.5
559,Galveston,US,2021-01-12 18:24:11,29.3669,-94.9669,48.0,66,90,12.66
560,Nemuro,JP,2021-01-12 18:24:11,43.3236,145.575,32.86,96,87,16.75
561,Charlottesville,US,2021-01-12 18:23:21,38.0293,-78.4767,52.0,43,1,4.61
562,Nguru,NG,2021-01-12 18:24:11,12.8791,10.4526,76.62,16,34,9.4
